CCV_AUC,SCV1_AUC,SCV2_AUC
0.83172,0.72506,0.78552
0.82878,0.649,0.77524
0.8293,0.73712,0.76754
0.83088,0.60154,0.79334
0.8309,0.67012,0.78452
0.83682,0.70016,0.78008
0.8324,0.7265,0.78038
0.83222,0.7207,0.7807
0.8308,0.60066,0.78498
0.83662,0.61706,0.77184
