CCV_AUC,SCV1_AUC,SCV2_AUC
0.81642,0.70238,0.78044
0.82088,0.65092,0.7906
0.82278,0.6855,0.8011
0.82104,0.62364,0.77844
0.8233,0.69488,0.7846
0.82568,0.63328,0.78808
0.8245,0.63398,0.78776
0.82572,0.68964,0.79086
0.82526,0.69336,0.78902
0.82532,0.69318,0.77274
